{
  "BypassSavingRestrictions": true,
  "CleanProfile": true,
  "AutoHideModdedClientPopup": false,
  "OpenLocalDirectory": false,
  "ExportTowerJSONs": false,
  "ExportUpgradeJSONs": false,
  "ExportPath": "C:/Users/rylan/AppData/LocalLow/Ninja Kiwi/BloonsTD6/",
  "openBackupDir": true,
  "openSaveDir": true,
  "autosavePath": "C:\\Program Files (x86)\\Steam\\steamapps\\common\\BloonsTD6\\Mods\\BloonsTD6 Mod Helper\\Mod Settings\\Autosave",
  "timeBetweenBackup": 30,
  "maxSavedBackups": 10
}