{
  "AffectModdedTowers": false,
  "DartMonkeyEnabled": true,
  "BoomerangMonkeyEnabled": true,
  "BombShooterEnabled": true,
  "TackShooterEnabled": true,
  "IceMonkeyEnabled": true,
  "GlueGunnerEnabled": true,
  "SniperMonkeyEnabled": true,
  "MonkeySubEnabled": true,
  "MonkeyBuccaneerEnabled": true,
  "MonkeyAceEnabled": true,
  "HeliPilotEnabled": true,
  "MortarMonkeyEnabled": true,
  "DartlingGunnerEnabled": true,
  "WizardMonkeyEnabled": true,
  "SuperMonkeyEnabled": true,
  "NinjaMonkeyEnabled": true,
  "AlchemistEnabled": true,
  "DruidEnabled": true,
  "BananaFarmEnabled": true,
  "SpikeFactoryEnabled": true,
  "MonkeyVillageEnabled": true,
  "EngineerMonkeyEnabled": true,
  "RegenerateTowers": true,
  "PostMergeRegenerate": true,
  "ExportTowerJsons": false,
  "ExportTowerBytes": false,
  "ExecuteOrder66": true
}